meta1,id,meta2,vector,meta3,meta6,meta4,meta5
REQUEST_ARGS,b147cf91e3f220c070f9d7aed65fa6b6,room-type,5257{${print(chr(49).chr(55).chr(73).chr(53).chr(51).chr(48).chr(86).chr(65).chr(117).chr(52))}},200,77.221.130.13,401,{${print(chr(49).chr(55).chr(73).chr(53).chr(51).chr(48).chr(86).chr(65).chr(117).chr(52))}}
REQUEST_PATH,8965845630b7becb6029dd68f84ca59c,REQUEST_PATH,/mail/tll/eaotaht.nsf/($Inbox)/FF02CBCEE47E0DD080258226004EBC1A/,200,146.255.182.16,1318,"Mozilla/5.0 (iPhone; CPU iPhone OS 10_3_1 like Mac OS X) AppleWebKit/603.1.30 (KHTML, like Gecko) Version/10.0 Mobile/14E304 Safari/602.1"
REQUEST_JSON,8d211f8d38f78e64c5699acf5f6d01b9,pageY,-98,200,62.33.168.30,960,Mozilla/5.0 (Windows NT 5.1; rv:52.0) Gecko/20100101 Firefox/52.0
REQUEST_GET_ARGS,eafa80c4d8a7f369a4f04295a8c8b3e2,REQUEST_GET_ARGS._,912013373,404,109.172.30.185,601,"Mozilla/5.0 (Windows NT 10.0; Win64; x64) AppleWebKit/537.36 (KHTML, like Gecko) Chrome/63.0.3239.132 Safari/537.36"
REQUEST_METHOD\';\'REQUEST_HEADE,ae5aec9a6514b01f11fb3d9f2cf7701f,X-Requested-With\';\'CSRF_TOKEN,POST\';\'XMLHttpRequest\';\'14f2e70b072e12f42ca4421570deb577812ff61eacd5da8de266337010fd64447645eb039a4aaaa5,403,212.33.244.15,1191,Mozilla/5.0 (Windows NT 5.1; rv:52.0) Gecko/20100101 Firefox/52.0
REQUEST_URI,d9f97378185b4580f1b04b0a8506ac19,,/var/files/f/49cdf6ce1ffec7.63391018_little,200,212.176.123.113,949,Mozilla/5.0 (Windows NT 6.1; WOW64; rv:36.0) Gecko/20100101 Firefox/36.0
CLIENT_USERAGENT,0d4db95b311c9ba37f3b5896c11efecc,,PycURL/7.43.0 libcurl/7.52.1 OpenSSL/1.0.2o zlib/1.2.11,200,52.209.212.79,338,PycURL/7.43.0 libcurl/7.52.1 OpenSSL/1.0.2o zlib/1.2.11
CLIENT_USERAGENT,de702db81e6947876d897c9b73345a44,,ApacheBench/2.3,302,8.47.64.2,74,ApacheBench/2.3
REQUEST_GET_ARGS,09227a6d521f7a59a98a441bd094484c,REQUEST_GET_ARGS._,311464954,404,82.208.126.100,972,"Mozilla/5.0 (iPhone; CPU iPhone OS 11_1_2 like Mac OS X) AppleWebKit/604.3.5 (KHTML, like Gecko) Version/11.0 Mobile/15B202 Safari/604.1"
REQUEST_GET_ARGS,81f796af630215aeb49103a0421cd542,REQUEST_GET_ARGS.e,wqT_3QLNBvBCTQMAAAMA1gAFAQirm8zTBRDhz4eSqejfxh0YrNSAu86QwqksKjYJcD0K16NwzT8RcT0K16NwzT8ZAAAAgD0KIEAhcQ0SBClxDQnIMQAAAGBmZuY_MNiT2wE4mAJAmRRIAlCsn_UmWImyGGAAaKGxOHin1QSAAQGKAQNVU0SSBQbwXpgBrAKgAdgEqAEBsAEAuAEBwAEFyAEC0AEA2AEA4AEA8AEA-gEJTVNOUlVSVTExigI7dWYoJ2EnLCAyMTc0MDUzLCAxNTE3NDg5NTc5KTt1ZigncicsIDgxNjEyNzE2Nh4A8IeSAvUBIUxqTUZ2d2lFZzRVSkVLeWY5U1lZQUNDSnNoZ3dBRGdBUUFCSW1SUlEySlBiQVZnQVlEeG9BSEJXZUJTQUFjQUJpQUVVa0FFQm1BRUJvQUVCcUFFRHNBRUF1UUZndUFfSnBIRE5QOEVCWUxnUHlhUnd6VF9KQVFBQUFBQUFBUEFfMlFFCQxoQUR3UC1BQkFQVUJINFZyUHBnQ0FLQUNBTFVDBSEETDAJCPBMTUFDQU1nQ0FPQUNBT2dDQVBnQ0FJQURBWkFEQUpnREFhZ0RoSU9GQ2JvREVXUmxabUYxYkhRalJsSkJNVG96T1RFepoCOSFMZ3RzNWc2-AD0KAFpYklZSUFBb0FEb1JaR1ZtWVhWc2RDTkdVa0V4T2pNNU1UTS6yAiAxNTE2RThGRjY4MUE2NEMyMUM5Q0UzNzg2OTY4NjU5MdgCAeACmMEe6gIoaHR0cDovL3d3dy5tc24uY29tL3J1LXJ1Lz9vY2lkPWllaHAmQVI9NIADAIgDAZADkPUXmAMXoAMBqgMAwAOsAsgDANgDpgXgAwDoAwD4AwKABACSBAYvdXQvdjOYBACiBA4yMTcuMTc1LjE0MC42OagEgRmyBBIIBRAEGKwCIPoBKAEoAjAAOAK4BADABADIBADSBBFkZWZhdWx0I0ZSQTE6MzkxM9oEAggB,200,217.175.140.69,3399,Mozilla/5.0 (compatible; MSIE 9.0; Windows NT 6.1; WOW64; Trident/5.0)
REQUEST_URI,bac93e462eeb42bb72362fd4984ee7ae,,/var/files/img1380048277_little180x180,200,81.163.179.174,787,"Mozilla/5.0 (Windows NT 10.0; Win64; x64) AppleWebKit/537.36 (KHTML, like Gecko) Chrome/46.0.2486.0 Safari/537.36 Edge/13.10586"
REQUEST_ARGS,53bf3b744639104764352e53049714cb,module,"custompage"");ls -la;factor 228000;/*",200,46.175.253.135,195,""");ls -la;factor 228000;/*"
REQUEST_URI,c3fe844f7525cc4eff54f28eb1dfe6ce,,/sitemap_4.xml,200,217.69.134.52,285,Mozilla/5.0 (compatible; Linux x86_64; Mail.RU_Bot/Fast/2.0; +http://go.mail.ru/help/robots)
REQUEST_COOKIES,5992a437e5e9d8ab79e2773e0bd1eb80,anj,dTM7k!M4/K@/9KT:5HM7EvosfG:I_-V`rKROz0sxr!I`JrK\'Lz3M1ArTxD3_.)WGJ0sny8sEh?.gK*m*<pR7s_7u6PLr2=D$uz\'!bAACPfGapA^W?jVl*Kqn(GJ7>iiAh7^ZZnP[I]jgLi>rIWJe@OsHrH_9I%d.*)0UlJ%!%(tA*5!TuH1Ev@fqAb3`$sI8#:<a.]_60?]>p06RAdio<y#8lKI90XiN*4B#^yc./7$Ds?-0/8PY(?X[VhL%)m6sUCeK)%/gbX>xUD?T n$U>]>AOB2p]7=ay5L<k-n4c3IIp$62Svz8<k?A_32vx2fXC8QP?S\'@. ^6v `Kp<d/qzmM]X7Syxv[<*xJWZ6_gP$8<o1R!m7^pSgirq4$vA(2xQ>c sf1iSRNFqzRse-]kqMuWnP)J.$E49(]<w!5(J`yI@(Mt:1Rl=W)A[.lCflN)<tzA9l3f`bPHbM=fbQ70qC^g_sq5.<-.f^7R 5YvVpic/3-7GcBVv\'$Cb6lPnCJkh! ?@Xq1:@>77#!HrRha!`GLZGiQ..M%#[Z:UMaMTSpHsQ]if5rAS5y]IwFNF9b\'YQe/cJ9D7C/sZsg4B)<`CJDLroCXLOGv5`FyFDhHzD84h0=0cCr!y4xlQwT2T*Il[v^TQfPacskrlKUdBEAJxRq<InlI4Ye9R#RqzynMx8007W0c(QT1<GXM_TH8Ss(8auWPGF%m<F4A)Pc^Ank7B1Dz$l@ t*w2O:wLw(ObE)-^6@]V0.?_QU<dzO$`ZC-!a` D*U4Awm![y8jI%QN?83W@i?6PLeajk@KbsG%J6/$/.tVlh2!As8XFkL5d#\'35%ZVdtGjSg1J_2*i9a^rMbRdr715J#m^MNh2*F`ql)9^Y!i-rb1VoUMkoF*Av#z:Xa5-b89f3U PnyraFPF%K\'cJjB9vwt]Z%T ^n0hS-TV5o>rAs#ZlE2uWD7Rw80S]3pb%@^$k:OWzqw@bdobhdStUUYcyMyPdJ,200,217.175.140.69,3348,"Mozilla/5.0 (Windows NT 6.1; WOW64) AppleWebKit/537.36 (KHTML, like Gecko) Chrome/49.0.2623.112 Safari/537.36"
REQUEST_HEADERS,2fd99af3bcc8428273c5abd5a17c4e59,User-Agent,Mozilla/5.00 (Nikto/2.1.6) (Evasions:None) (Test:004116),404,213.108.201.228,336,Mozilla/5.00 (Nikto/2.1.6) (Evasions:None) (Test:004116)
REQUEST_ARGS,82e6da59f81a3d418ab39c470e0cd331,manufactur,999000224|${ls -la;factor 228000},200,77.221.130.13,184,|${ls -la;factor 228000}
REQUEST_ARGS,36ee3b2bf13098bd954dda453ae07917,js,"13;id=1418630;u=file:///D:/D_OLD/%D0%B4%D0%B8%D1%81%D0%BA_D_%D1%81%D1%82%D0%B0%D1%80/%D0%B2%D0%B0%D0%BB%D1%8F/%D0%9D%D0%B5%D0%BE%D0%B1%D1%8B%D1%87%D0%BD%D1%8B%D0%B5%20%D1%81%D1%8B%D1%80%D0%BD%D0%B8%D0%BA%D0%B8%20-%20%D1%80%D0%B5%D1%86%D0%B5%D0%BF%D1%82%20%D1%81%20%D1%84%D0%BE%D1%82%D0%BE%20-%20%D0%BA%D0%B0%D0%BA%20%D0%BF%D1%80%D0%B8%D0%B3%D0%BE%D1%82%D0%BE%D0%B2%D0%B8%D1%82%D1%8C%20-%20%D0%B8%D0%BD%D0%B3%D1%80%D0%B5%D0%B4%D0%B8%D0%B5%D0%BD%D1%82%D1%8B,%20%D1%81%D0%BE%D1%81%D1%82%D0%B0%D0%B2,%20%D0%B2%D1%80%D0%B5%D0%BC%D1%8F%20%D0%BF%D1%80%D0%B8%D0%B3%D0%BE%D1%82%D0%BE%D0%B2%D0%BB%D0%B5%D0%BD%D0%B8%D1%8F%20-%20%D0%94%D0%B5%D1%82%D0%B8%20Mail.Ru.html;st=1517220129676;s=1680*1050;vp=1654*827;touch=0;hds=1;flash=23.0;sid=6fa910fb05a7fd51;ver=60;nt=0/0/1517220129563/////2/2/2/2/2//2/2/2/52/109/163/164/598/598/;detect=0;lvid=1517220043066:1517220130171:17:ee4efded13328ad20ed6337e54af9616;_=0.035032259515190955;e=RT/load;et=1517220130170",200,217.175.140.69,1806,Mozilla/5.0 (Windows NT 5.1; rv:18.0) Gecko/20100101 Firefox/18.0
REQUEST_POST_ARGS,bc4f82a8ca60f926a229387474ff9d5f,pwd,nicole,200,41.101.99.68,456,Mozilla/5.0 (Windows NT 6.1; WOW64; rv:40.0) Gecko/20100101 Firefox/40.1
REQUEST_PATH,b1a519b79205d261710bd7401eeec2dd,,/?/.hg/store/data/,400,185.5.140.253,299,"Mozilla/5.0 (Windows NT 6.1) AppleWebKit/537.36 (KHTML, like Gecko) Chrome/28.0.1468.0 Safari/537.36"
REQUEST_PATH,c6231b2d011e70aa20897cf8a57bb9b9,,/.gitignore,200,46.38.115.117,276,Mozilla/5.0 (Windows NT 10.0; WOW64; rv:45.0) Gecko/20100101 Firefox/45.0
REQUEST_URI\';\'REQUEST_ARGS,dcc933c0844cf306a3949d73db6a0c7b,path,/scripts/download_file.php?path=../../../../../../../../../../../../../../../../../../winnt/win.ini%00\';\'../../../../../../../../../../../../../../../../../../winnt/win.ini\\x0,404,103.208.220.130,477,"Mozilla/5.0 [en] (X11, U; OpenVAS 8.0.9)"
REQUEST_GET_ARGS,6532835a0446fcfa31617f14c8113634,REQUEST_GET_ARGS.id,1439288,502,54.36.148.83,277,Mozilla/5.0 (compatible; AhrefsBot/5.2; +http://ahrefs.com/robot/)
REQUEST_ARGS,8d7a070e462b93a9f73efc562bb6ccee,author,11'{${print(chr(49).chr(55).chr(73).chr(53).chr(51).chr(48).chr(86).chr(65).chr(117).chr(52))}}',200,109.194.227.26,324,'{${print(chr(49).chr(55).chr(73).chr(53).chr(51).chr(48).chr(86).chr(65).chr(117).chr(52))}}'
REQUEST_URI,1a67ab9345c720e728e0ea32c9751859,,/tmp/4820092691629.jpg,200,78.111.186.200,515,"Mozilla/5.0 (Windows NT 6.1) AppleWebKit/537.36 (KHTML, like Gecko) Chrome/51.0.2704.106 YaBrowser/16.7.1.20936 Yowser/2.5 Safari/537.36"
REQUEST_ARGS,6fbce01ef51047cc779c8e4b26924dbc,path,../userfiles/gallery2/preview/img_1330.jpg,200,87.240.37.241,628,"Mozilla/5.0 (Linux; Android 4.4.4; Lenovo TAB 2 A10-70L Build/KTU84P) AppleWebKit/537.36 (KHTML, like Gecko) Chrome/53.0.2785.124 Safari/537.36"
RESPONSE_HEADERS,b537e82817ae303afe0eaba5f1ace95c,Location,//adlmerge.com/merge_gpsid/?sid=63&id=5a7848a905f7086fd57037cd,302,217.175.140.69,554,Mozilla/5.0 (Windows NT 6.1; WOW64; Trident/7.0; rv:11.0) like Gecko
REQUEST_GET_ARGS,3dd4d0f1689a7bc30908fc4f2c345ca7,site,http://www.selva.com/,302,62.138.2.243,495,Mozilla/5.0 (compatible; MJ12bot/v1.4.5; http://www.majestic12.co.uk/bot.php?+)
REQUEST_ARGS,d65853cde66ba7c19adb475337c09efc,file,file:///C:/wamp/www/wp-config.php,404,185.5.249.105,365,Mozilla/5.0 (Windows; U; Windows NT 5.1; en-US; rv:1.9.2) Gecko/20100115 Firefox/3.6
REQUEST_POST_ARGS,771c6f456c68e45d5227bd85c4b9f5d0,pwd,password1,404,139.129.14.230,381,Mozilla/5.0 (Windows NT 6.1; rv:5.0) Gecko/20100101 Firefox/5.0
REQUEST_POST_ARGS,d1b65442a332705fcca9115c5c641f02,a,http://9pvtlq6j.b.wlrm.tl/a.dtd,302,139.162.178.148,482,Mozilla/5.0 (Windows NT 6.3; WOW64; Trident/7.0; rv:11.0) like Gecko
REQUEST_POST_ARGS,b9aaf27c734eb7395db6d909d74422f6,REQUEST_POST_ARGS.rid,3515978913,200,37.46.129.136,697,"User-Agent: Mozilla/5.0 (Windows NT 10.0; WOW64) AppleWebKit/537.36 (KHTML, like Gecko) Chrome/57.0.2987.133 Safari/537.36"
REQUEST_POST_ARGS,e383db309ce91bb691c94d0e445b0078,a,http://stzr6wea.b.wlrm.tl/a.dtd,200,139.162.178.148,482,Mozilla/5.0 (Windows NT 6.3; WOW64; Trident/7.0; rv:11.0) like Gecko
REQUEST_ARGS_KEYS,4bce03490dd2ed8e36094fa8f862ac34,arrFilter_P1_MAX%5B0%5D,arrFilter_P1_MAX%5B0%5D,200,188.65.8.219,920,Mozilla/5.0 (Windows NT 6.1; WOW64; rv:48.0) Gecko/20100101 Firefox/48.0
REQUEST_XML,779db5da6291c9ba5e290127a02018ee,REQUEST_XML./s:Envelope/s:Body/DeviceMetadataBatchRequest/HWIDRequests/gdmdhwid/hwids/hwid[3],DOID:USBSTOR\\DiskTOSHIBA_STOR.E_EDITION__,200,217.175.140.69,2399,MICROSOFT_DEVICE_METADATA_RETRIEVAL_CLIENT
REQUEST_HEADERS,419b92d80e214afd01006f160d6bb749,User-Agent,WordPress/4.6.1; http://fishing.ahtubinsk.ru,502,83.222.27.72,394,WordPress/4.6.1; http://fishing.ahtubinsk.ru
REQUEST_POST_ARGS,83bf92aff24df4898b95c1c5aad89258,REQUEST_POST_ARGS.EMAIL,julia.teplyh@mail.ru,302,37.194.54.95,3540,"Mozilla/5.0 (iPad; CPU OS 10_3_3 like Mac OS X) AppleWebKit/603.3.8 (KHTML, like Gecko) Version/10.0 Mobile/14G60 Safari/602.1"
REQUEST_GET_ARGS,cf97e3b064d817026885d6742c9c8f02,url,http://fotki.yandex.ru/users/oksbox/view/678637/,200,5.143.231.38,451,Mozilla/5.0 (compatible; SputnikBot/2.3; +http://corp.sputnik.ru/webmaster)
CLIENT_SESSION_ID,c6824950839b26e8f698dc7463863cf6,,"\""1513e0328b6a32174e55d6e8ad8e4c19dd34e6407eedc2371817a86382c74934de44c8ccbc2a3567abbd6566890198be\""\""\""",206,78.85.214.232,392,Samsung SM-J710F stagefright/Beyonce/1.1.9 (Linux;Android 7.0)
REQUEST_ARGS,e35aa6be2fcd41006aecb36d453b962c,action,verificationcode;vid=register;rand=278f43d0c8b3951629a9e9bb455ac380,200,188.168.17.146,452,"Mozilla/5.0 (Windows NT 6.3; WOW64) AppleWebKit/537.36 (KHTML, like Gecko) Chrome/48.0.2564.97 Safari/537.36"
REQUEST_HEADERS,e7e962ee4a32163e459a9b04c8059f42,REQUEST_HEADERS.Via,1.1 mbpkrwsa2.mav.hu:80 (Cisco-WSA/9.1.2-022),404,193.68.41.10,762,Mozilla/5.0 (Windows NT 6.1; Win64; x64; Trident/7.0; rv:11.0) like Gecko
REQUEST_HEADERS,3a1bc78ad645a4df7a98a4559f4f1188,REQUEST_HEADERS.X-Old-UID,age=0; cnt=1,200,217.175.140.69,5183,Google Update/1.3.31.5;winhttp
REQUEST_URI,1880bac7594e011c512fc00498bd1ca1,,/backup.inc.old,404,139.162.181.155,203,Mozilla/5.0 (Windows NT 6.3; WOW64; Trident/7.0; rv:11.0) like Gecko (Wallarm DirBuster)
REQUEST_HEADERS,56b098aee72333dd5485bd10e0265c0c,Via,"-1\"" OR 2+544-544-1=0+0+0+1 --\""",200,192.168.100.63,786,"Mozilla/5.0 (Windows NT 6.1; WOW64) AppleWebKit/537.21 (KHTML, like Gecko) Chrome/41.0.2228.0 Safari/537.21"
REQUEST_ARGS,d4c91b35aeb13496ea6043defdd746dc,action,verificationcode;vid=register;rand=aa6c10d33f9f421222819cc43b48321a,200,178.137.18.202,465,Mozilla/5.0 (Windows NT 6.1; rv:43.0) Gecko/20100101 Firefox/43.0
REQUEST_ARGS,740f64a71adb9999dcc07edf69adc0ce,>?@>1C9B5 >1@0B8BLAO ?>765/@>87>H;0 2,"CB@5==OO >H81:0, ?>?@>1C9B5 >1@0B8BLAO ?>765/{{_cabinetLink}}//?STRUCTURE_ID=5200",302,5.9.32.222,1513,Mozilla/5.0 (compatible; MegaIndex.ru/2.0; +http://megaindex.com/crawler)
REQUEST_GET_ARGS,8fd5ff117c0c6a538ea0c60c2bcedd79,REQUEST_GET_ARGS._,875658878,404,188.32.169.174,1359,"Mozilla/5.0 (Windows NT 10.0; Win64; x64) AppleWebKit/537.36 (KHTML, like Gecko) Chrome/63.0.3239.132 Safari/537.36"
REQUEST_PATH,abd0b87dffffb32c7e1c30d47e910f33,REQUEST_PATH,/special/kfo/news/2601,200,51.255.65.27,181,Mozilla/5.0 (compatible; AhrefsBot/5.2; +http://ahrefs.com/robot/)
REQUEST_GET_ARGS,86a18e3236f87280f0a1f129b7c5239b,url,http://www.racnetulbuzaului.ro/adrian-petre-noul-vicepresedinte-al-cj-buzau-e-sustinut-si-de-boscodeala-si-de-bigiu/,302,93.158.215.131,486,Mozilla/5.0 (Windows NT 6.3; WOW64; rv:45.0) Gecko/20100101 Firefox/45.0
REQUEST_POST_ARGS,1e059423df0002bad81e653cbe6d2ae5,b,http://uh9svjen.a.wlrm.tl/b.ent,504,139.162.178.148,404,Mozilla/5.0 (Windows NT 6.3; WOW64; Trident/7.0; rv:11.0) like Gecko
REQUEST_GET_ARGS,3810503f79202de2836dcd6ecc55abc9,id,"999999.9 /**/uNiOn/**/aLl /**/sElEcT 1,2,(/**/sElEcT /**/cOnCaT(0x217e21,ifnull(email,char(32)),0x332150,ifnull(password,char(32)),0x217e21) /**/fRoM u214577.organizations_forms /**/lImIt 17951,1),4",200,2001:4ba0:cafe:ace::1,920,Mozilla/5.0 (Windows; U; Windows NT 5.1; pt-PT; rv:1.9.1.2) Gecko/20090729 Firefox/3.5.2 (.NET CLR 3.5.30729)
REQUEST_HEADERS,ff70d614b19fded2347deff15fb7d033,Via,zlehK2VO\'; waitfor delay \'0:0:2\' --,200,192.168.100.63,788,"Mozilla/5.0 (Windows NT 6.1; WOW64) AppleWebKit/537.21 (KHTML, like Gecko) Chrome/41.0.2228.0 Safari/537.21"
REQUEST_URI,321b64f8626b13e10903691d9cd2592e,,"/blog/index.php/2013/08/07/999999.9""+/**/uNiOn/**/aLl+/**/sElEcT+0x393133353134353632312e39,0x393133353134353632322e39,0x393133353134353632332e39,0x393133353134353632342e39,0x393133353134353632352e39,0x393133353134353632362e39,0x393133353134353632372e39+and+""0""=""0",200,109.86.177.218,993,Mozilla/5.0 (Windows; U; Windows NT 5.1; pt-PT; rv:1.9.1.2) Gecko/20090729 Firefox/3.5.2 (.NET CLR 3.5.30729)
REQUEST_ARGS,5f6dda3eaab465d30be138082e364751,,"
--boundaryemae
Content-Disposition: form-data; name=""data""; filename=""C:\Users\NataliaAkhmedova\AppData\Local\Temp\69\v8_7C09_ed0.was""
Content-Type: application/x-zip-compressed


DELETE FROM SC_tagged_objects WHERE tag_id NOT in('13','39') AND object_id='2664'",200,185.70.104.11,971,Mozilla/4.0 (compatible; Win32; WinHttp.WinHttpRequest.5)
REQUEST_METHOD\';\'REQUEST_CONTE,2634a1334c4abf1a2dc5e75b081edee2,X-Requested-With\';\'CSRF_TOKEN,POST\';\'multipart/form-data; boundary=----WebKitFormBoundarykYrIPiZYxMJP4lQr\';\'XMLHttpRequest\';\'150d652e5429458c8428de9ca86dc9871a6b07d4afdd77eb5bff9ddfe0aed00c9221909362ded9c7,400,5.170.124.135,6537,"Mozilla/5.0 (Macintosh; Intel Mac OS X 10_13_1) AppleWebKit/604.3.5 (KHTML, like Gecko) Version/11.0.1 Safari/604.3.5"
REQUEST_PATH,db0d5668b86b0aad3c9807b3adb08489,,/metaldwn/.git/config,404,103.208.220.130,396,"Mozilla/5.0 [en] (X11, U; OpenVAS 8.0.9)"
REQUEST_ARGS,59dacc2a56e5398953426e349dbec169,,"
--boundaryemae
Content-Disposition: form-data; name=""data""; filename=""C:\Users\NataliaAkhmedova\AppData\Local\Temp\13\v8_BEF9_331d.was""
Content-Type: application/x-zip-compressed


DELETE FROM SC_tagged_objects WHERE tag_id NOT in('139') AND object_id='4346'",200,185.70.104.11,968,Mozilla/4.0 (compatible; Win32; WinHttp.WinHttpRequest.5)
REQUEST_ARGS,40b9906aed6cf1bcfea5364158e7b8d8,action,profile;u=9368;area=showposts;start=30,200,51.255.65.21,222,Mozilla/5.0 (compatible; AhrefsBot/5.1; +http://ahrefs.com/robot/)
REQUEST_ARGS,6ed9c141da53f174777d66f597794e64,src,../../..//assets/images/wood/Bekar/Flamenko62-3_oreh_dg.jpg,200,213.87.147.122,639,"Mozilla/5.0 (Linux; Android 4.2.2; ru-ru; SAMSUNG GT-I9192 Build/JDQ39) AppleWebKit/535.19 (KHTML, like Gecko) Version/1.0 Chrome/18.0.1025.308 Mobile Safari/535.19"
REQUEST_HEADERS,b393d44b2b5c156885ea833306264675,User-Agent,User-Agent: Mozilla/5.0 (X11; U; Linux i686 (x86_64); en-US; rv:1.8.1.6) Gecko/20070817 IceWeasel/2.0.0.6-g3,200,77.221.130.13,263,User-Agent: Mozilla/5.0 (X11; U; Linux i686 (x86_64); en-US; rv:1.8.1.6) Gecko/20070817 IceWeasel/2.0.0.6-g3
REQUEST_PATH,6ad1eb120829eeaf548d1f54e07d283e,REQUEST_PATH,/n4/,403,62.168.244.229,140,DirBuster-1.0-RC1 (http://www.owasp.org/index.php/Category:OWASP_DirBuster_Project)
REQUEST_ARGS,22537304bd78ca42f3b1acedf832b36d,s,salut4|{${print(chr(49).chr(55).chr(73).chr(53).chr(51).chr(48).chr(86).chr(65).chr(117).chr(52))}},502,2a02:408:7722:1:77:222:57:52,419,|{${print(chr(49).chr(55).chr(73).chr(53).chr(51).chr(48).chr(86).chr(65).chr(117).chr(52))}}
CLIENT_USERAGENT,07b547212737b0d30c089b2365f942e4,,Mozilla/4.0 (compatible; MSIE 7.0; Windows NT 5.1; .NET CLR 1.1.4322; .NET CLR 2.0.50727; .NET CLR 3.0.4506.2152; .NET CLR 3.5.30729),200,93.125.122.252,597,Mozilla/4.0 (compatible; MSIE 7.0; Windows NT 5.1; .NET CLR 1.1.4322; .NET CLR 2.0.50727; .NET CLR 3.0.4506.2152; .NET CLR 3.5.30729)
REQUEST_ARGS,678b0eba86997eab33ce7d54dd7a4389,path,file:///storage/sdcard0/Android/data/ru.spishi.gdz/cache/answers/235682/img/,200,176.59.118.211,255,Apache-HttpClient/UNAVAILABLE (java 1.4)
REQUEST_ARGS,914015e44a7947802a2772622d23b0fd,action,pm;sa=send;u=500,502,77.121.194.65,665,"Mozilla/5.0 (Windows NT 6.1; WOW64) AppleWebKit/537.36 (KHTML, like Gecko) Chrome/47.0.2526.111 YaBrowser/16.2.0.3539 Safari/537.36"
REQUEST_METHOD\';\'REQUEST_CONTE,2535f9d9f842200caff2f080ad30ad9e,,POST\';\'multipart/form-data; boundary=----WebKitFormBoundaryifjAq5V6njDTiLPd\';\',400,27.55.83.30,9807,"Mozilla/5.0 (Linux; Android 7.0; SM-N920C Build/NRD90M) AppleWebKit/537.36 (KHTML, like Gecko) Chrome/64.0.3282.137 Mobile Safari/537.36"
REQUEST_GET_ARGS,3dc34c323343a5fd254c6fe742cb7614,url,jjenney.n.isaev.info/?a[]=<a href=http://bantincongngheso24h.blogspot.com/2016/08/nhung-dieu-can-luu-y-khi-mua-samsung-note-7-qua-su-dung.html>galaxy note 7 tra gop</a>,200,51.254.153.201,813,Mozilla/5.0 (Windows NT 6.3; WOW64; rv:45.0) Gecko/20100101 Firefox/45.0
REQUEST_ARGS_KEYS,73814e88eaecf60db3fd3f4118f5cf8e,AMOUNT-GROP_63/1745_QQHCZDFDFPP%vwt,AMOUNT-GROP_63/1745_QQHCZDFDFPP%vwt,200,66.249.76.65,349,Mozilla/5.0 (compatible; Googlebot/2.1; +http://www.google.com/bot.html)
REQUEST_METHOD\';\'REQUEST_CONTE,6b66ca12a8ec9486ad5f533014a0f8a3,,POST\';\'multipart/form-data; boundary=----WebKitFormBoundaryFzG2B7sNPCvf6MWs\';\',404,178.46.176.163,32141,"Mozilla/5.0 (Windows NT 6.1; Win64; x64) AppleWebKit/537.36 (KHTML, like Gecko) Chrome/58.0.3029.110 Safari/537.36"
REQUEST_HEADERS,37cc2eb1e40e6e5f6a005ce14387d0a1,User-Agent,Mozilla/5.00 (Nikto/2.1.6) (Evasions:None) (Test:001074),404,213.108.201.228,290,Mozilla/5.00 (Nikto/2.1.6) (Evasions:None) (Test:001074)
REQUEST_POST_ARGS,c85f0c452651b00dcfb26a5cabf935e2,reference to,http://f2eqy5n4.b.wlrm.tl/b.ent,200,139.162.151.155,391,Mozilla/5.0 (Windows NT 6.3; WOW64; Trident/7.0; rv:11.0) like Gecko
REQUEST_POST_ARGS,842f4cdf07dbcda15380ad387aec2a03,pwd,secret,404,139.129.14.230,378,Mozilla/5.0 (Windows NT 6.1; rv:5.0) Gecko/20100101 Firefox/5.0
REQUEST_METHOD\';\'REQUEST_CONTE,9b1b129e8c2db91a673e3053982c4223,,POST\';\'multipart/form-data; boundary=8192c085edb52\';\',200,178.122.78.120,3392,"Mozilla/5.0 (Windows NT 10.0; Win64; x64) AppleWebKit/537.36 (KHTML, like Gecko) Chrome/57.0.2987.133 Safari/537.36"
REQUEST_POST_ARGS,58fb3b9d4decff47256043a85f41c5ad,pwd,chocolate,200,41.235.16.5,459,Mozilla/5.0 (Windows NT 6.1; WOW64; rv:40.0) Gecko/20100101 Firefox/40.1
REQUEST_METHOD\';\'REQUEST_HEADE,de823843ab6401de21acd6a971c57f62,X-Requested-With\';\'CSRF_TOKEN,POST\';\'XMLHttpRequest\';\'14b2a4e01039129a4a2b81fe2b2fafd4f8a8f296d95cbbebb75de31b64bc0f7ff71ac92400ffade3,200,108.46.36.13,910,"Mozilla/5.0 (Windows NT 6.1; Win64; x64) AppleWebKit/537.36 (KHTML, like Gecko) Chrome/56.0.2924.87 Safari/537.36"
REQUEST_METHOD\';\'REQUEST_CONTE,3d7d6983f848f6159a2f23a094cedbe6,,POST\';\'multipart/form-data; boundary=be02528c1928c\';\',200,146.185.223.187,8161,Mozilla/5.0 (Windows NT 6.0; Win64; rv:35.0) Gecko/20100101 Firefox/35.0
REQUEST_COOKIES,4183bb593ebed73e6dc2c8f20c74fa12,REQUEST_COOKIES.User-cn,????????? ????????,404,195.182.149.202,1720,"Mozilla/5.0 (Windows NT 5.1) AppleWebKit/537.36 (KHTML, like Gecko) Chrome/49.0.2623.112 Safari/537.36"
REQUEST_GET_ARGS,73063d487cd88e7fce0fbae2d846375d,REQUEST_GET_ARGS._,392910022,200,185.26.112.50,669,"Mozilla/5.0 (Windows NT 6.1; WOW64) AppleWebKit/538.1 (KHTML, like Gecko) PhantomJS/2.1.1 Safari/538.1"
REQUEST_ARGS,124dbc1a686288cf8eaa48bb26ae0d7c,action,dlattach;attach=620;type=avatar,304,176.209.112.87,825,"Mozilla/5.0 (Windows NT 6.1; WOW64) AppleWebKit/537.36 (KHTML, like Gecko) Chrome/51.0.2704.106 YaBrowser/16.7.1.20937 Yowser/2.5 Safari/537.36"
REQUEST_POST_ARGS,40ba762a6203bf118ad57bfcadc3a319,reference to,http://wmipqmwt.a.wlrm.tl/a.dtd,405,139.162.170.84,413,Mozilla/5.0 (Windows NT 6.3; WOW64; Trident/7.0; rv:11.0) like Gecko
REQUEST_GET_ARGS,6d0ba79087b05d510609e8c7ef7faf70,view_result,"\' style=-->\"">\'>\'\""\""<vvv000221v436501>\""",403,77.122.162.191,470,UserAgent
REQUEST_ARGS,fc8cf1917320d05ffaf8f0319265b742,,"
--boundaryemae
Content-Disposition: form-data; name=""data""; filename=""C:\Users\NataliaAkhmedova\AppData\Local\Temp\23\v8_B1DB_17be4.was""
Content-Type: application/x-zip-compressed


UPDATE SC_product_options_values SET variantID=NULL ,option_type='1' WHERE optionID='14' AND productID='4499'",200,185.70.104.11,1001,Mozilla/4.0 (compatible; Win32; WinHttp.WinHttpRequest.5)
REQUEST_COOKIES,7015a945950d7b9b78efcc86cf732d74,__utmz,101454998.1507101960.1.1.utmcsr=link.2gis.ru|utmccn=(referral)|utmcmd=referral|utmcct=/1.4/aHR0cDovL3d3dy5mZWRzZm0ucnUKaHR0cDovL3N0YXQuYXBpLjJnaXMucnUKeyJwcm9qIjozNSwiaXNkIjoiMjAxNzEwMDQiLCJldmVudCI6IjIwNjQwNzVhLTE5YjMtNGM4ZC05YTBjLThkZGY2M2YzYzkyNSIsInR5cGUiOjEsInRzIjoxNTA3MTAxOTU4MzQwLCJhZGQiOnsiaGFzaCI6IjA4YWU5NzlmLTUwNmUtNDM3Mi04NTk5LWUwNGY0NmZmNmYxNCIsImJjIjoyLCJicmFuY2giOiI0OTI2MzQwMzczNTIxNjk5Iiwib3JnIjoiNDkyNjM0ODk2MzQxOTc3MCIsInBhZ2UiOjEsInBvcyI6NiwicnViciI6IjEyMCIsImFkcyI6MCwidHlzIjoxLCJzIjoiMyIsImFkc3QiOjE1MDcwOTgzMDAsInBsYWNlIjoxfSwidiI6MiwicHJvZCI6MTAsImtleSI6InJ1b2VkdzkyMjUiLCJsYW5nIjoicnVfUlUiLCJ1c2VyYWdlbnQiOiJNb3ppbGxhLzUuMCAoV2luZG93cyBOVCA2LjE7IFdpbjY0OyB4NjQpIEFwcGxlV2ViS2l0LzUzNy4zNiAoS0hUTUwsIGxpa2UgR2Vja28pIENocm9tZS82MS4wLjMxNjMuOTEgU2FmYXJpLzUzNy4zNiBPUFIvNDguMC4yNjg1LjMyIiwiaXAiOiI4NS4xNS4xMjUuMTUyIiwia2V5c3RhdHVzIjoxLCJ1c2VyIjoiZDIyNDIzNmEtZTQ5Zi00Njk0LThiNDctNzc5Mjg0YWExY2MxIiwic2lkIjoiZWMxOTJmMzUtYzlhOC00NmE4LTlmMjYtYTNjNzc0MjAzNWY4Iiwic2h2IjoiMTcxMDAzLTY4M,200,85.15.125.152,1612,"Mozilla/5.0 (Windows NT 6.1; Win64; x64) AppleWebKit/537.36 (KHTML, like Gecko) Chrome/61.0.3163.91 Safari/537.36 OPR/48.0.2685.32"
REQUEST_ARGS,11eeb319fd569a42fabf97813cb33fc9,>?@>1C9B5 >1@0B8BLAO ?>765//@>87>H;0 2,"CB@5==OO >H81:0, ?>?@>1C9B5 >1@0B8BLAO ?>765/{{_orderLink}}//?STRUCTURE_ID=5319",302,5.9.32.222,1513,Mozilla/5.0 (compatible; MegaIndex.ru/2.0; +http://megaindex.com/crawler)
REQUEST_ARGS_KEYS,a67a9239d1a0c6fbb3e3aaa0da1a0098,/members/page__sort_key__members_display_name__sort_order__asc__max_results__20__quickjump__?__name_box__begins__name__%D0%A5__sort_key__joined,/members/page__sort_key__members_display_name__sort_order__asc__max_results__20__quickjump__?__name_box__begins__name__%D0%A5__sort_key__joined,200,157.55.39.248,447,Mozilla/5.0 (compatible; bingbot/2.0; +http://www.bing.com/bingbot.htm)
REQUEST_ARGS,e9ad7744d1e5f18209d0a7910032ecbf,,"
--boundaryemae
Content-Disposition: form-data; name=""data""; filename=""C:\Users\NataliaAkhmedova\AppData\Local\Temp\23\v8_B1DB_a6f2.was""
Content-Type: application/x-zip-compressed


DELETE FROM SC_tagged_objects WHERE tag_id NOT in('13','39') AND object_id='2445'",200,185.70.104.11,972,Mozilla/4.0 (compatible; Win32; WinHttp.WinHttpRequest.5)
REQUEST_GET_ARGS,2127559daa26e1e7c5b1cf391f1d8f89,PAGEN_1,"1471111111111111 UNION SELECT CHAR(45,120,49,45,81,45),CHAR(45,120,50,45,81,45),CHAR(45,120,51,45,81,45),CHAR(45,120,52,45,81,45),CHAR(45,120,53,45,81,45),CHAR(45,120,54,45,81,45),CHAR(45,120,55,45,81,45),CHAR(45,120,56,45,81,45),CHAR(45,120,57,45,81,45),CHAR(45,120,49,48,45,81,45),CHAR(45,120,49,49,45,81,45),CHAR(45,120,49,50,45,81,45),CHAR(45,120,49,51,45,81,45),CHAR(45,120,49,52,45,81,45),CHAR(45,120,49,53,45,81,45),CHAR(45,120,49,54,45,81,45),CHAR(45,120,49,55,45,81,45),CHAR(45,120,49,56,45,81,45),CHAR(45,120,49,57,45,81,45),CHAR(45,120,50,48,45,81,45) --  /*",504,178.159.242.63,782,Mozilla/4.0 (compatible; MSIE 7.0; Windows NT 5.1; dial; SV1; .NET CLR 1.0.3705)
REQUEST_PATH,63f84c08adbf6ef377af8b527ddf0de5,,/otcdeals/Scripts/ref/tipsy/.hg/branch,404,103.208.220.130,413,"Mozilla/5.0 [en] (X11, U; OpenVAS 8.0.9)"
REQUEST_GET_ARGS,8e1877e195706de163c95ebf205e804a,PAGEN_1,"3\'\';!--\""-->\'>\""\""><OY1Py\""",200,37.57.3.210,268,Python-urllib/3.5
REQUEST_ARGS,56f9f84c6b286b7d9de32b1c62683391,pll_language,"file:///../../../../boot.ini............................................................................................................................................................................................................................................................................................................................................................................................................................................................................................................................................................................................................................................................................................................................ .",502,83.217.200.78,978,Arachni/v1.4
REQUEST_ARGS,dd7636217f4b16a78df1612f9aa44659,cs_id,{{stationURL}},302,23.254.153.203,564,Mozilla/5.0 (Windows; U; MSIE 9.0; Windows NT 9.0; en-US)
REQUEST_POST_ARGS,19e4b38e0c47efb427559695c3c8ff45,reference to,http://i3l6in0c.b.wlrm.tl/a.dtd,405,139.162.184.225,413,Mozilla/5.0 (Windows NT 6.3; WOW64; Trident/7.0; rv:11.0) like Gecko
REQUEST_POST_ARGS,338e9778a0c3a460a71b377286bec113,descr,"<strong><a href=""http://www.bluetiffany.me/it/"">gioielli tiffany</a></strong><br>
<strong><a href=""http://www.bluetiffany.me/it/"">tiffany & co</a></strong><br>
",200,220.248.229.45,39094,Mozilla/5.0 (Windows NT 6.1; WOW64; rv:34.0) Gecko/20100101 Firefox/34.0
REQUEST_COOKIES,3ee32b832e46740da51e29a20cb9b930,REQUEST_COOKIES.LtpaToken2,Uc6a3v 41FdUXmWgKQgs0M4Hxp0a6EmXEYi1D0NgL86aHp5NvY dEXS/iEIrXWhdEvc3F6i80w2Sw2heHzqGY2IAI8W5a4MfVmyOAjHVroZNdIrCpNhK5jnvusTjvp2RrMQl02vsnDDH t3Q8DWOtOhAYkoJ9NFm Q/ND0xzpPs4ISEtclJV4J1q0hCIsTyudzmR7ip1NP0e7JZD7d StvGCn6dEuxBsHngsSwxu1UKRMulkjjPmYXpH0O5G2iZmOKLdPsGI/khC/WeGHwiMxhLCUihmCL5XR0mqSAHwu7L6CnADjtr6MrSCDXYM4vdMZEs1QauZJznzrIk2D8WcHCRvFq8Y61dN2yi24zi6nAAIi/zopAH61uE7niyATMW6ryMZelrbOVsukpjcHZxadn2AKCoD6mq2mLzWgpdCHhjgzlr72Dmp8X1uArRZkAz0mgL1zdr95LYkyAtf 4wyFV0TFavLObbAlyp9T1l9BlMna7jRCSDLOWxARXBwMM/54sC2s1U3ltWuie81psVgFyjC3Ui88nvcZF4MtCm0YWG7Q 7lTIigXVpovo6nRoFlSvF07GadsZWJiJVb5SuMUZMuxPWlzhTGTli6dnX0J6DOQasFrUIgTIH8zhSiIfxW,302,176.59.4.74,1640,"Mozilla/5.0 (Linux; Android 6.0; Ixion ES355 Build/MRA58K) AppleWebKit/537.36 (KHTML, like Gecko) Chrome/62.0.3202.94 YaBrowser/17.11.0.526.00 Mobile Safari/537.36"
REQUEST_GET_ARGS,d60fb10d2b08503575fbbbca7870f0a0,id,"999999.9 /**/uNiOn/**/aLl /**/sElEcT 1,2,(/**/sElEcT /**/cOnCaT(0x217e21,ifnull(email,char(32)),0x332150,ifnull(password,char(32)),0x217e21) /**/fRoM u214577.organizations_forms /**/lImIt 27873,1),4",200,2001:4ba0:cafe:ace::1,920,Mozilla/5.0 (Windows; U; Windows NT 5.1; pt-PT; rv:1.9.1.2) Gecko/20090729 Firefox/3.5.2 (.NET CLR 3.5.30729)
REQUEST_PATH,d13e44347040bf48679b7cf44087244e,,/LO/.svn/dir-prop-base,404,103.208.220.130,397,"Mozilla/5.0 [en] (X11, U; OpenVAS 8.0.9)"
CLIENT_USERAGENT,69198c3ea163cce97eb0fc7402b07668,,Mozilla/4.0 (compatible; MSIE 8.0; Windows NT 5.1; Trident/4.0),200,212.96.109.112,510,Mozilla/4.0 (compatible; MSIE 8.0; Windows NT 5.1; Trident/4.0)
REQUEST_GET_ARGS,6fb409f29771df7e9a3fb7872b38a04f,REQUEST_GET_ARGS.rid,3578321024,200,46.246.124.91,1196,"Mozilla/5.0 (Windows NT 6.1; WOW64) AppleWebKit/537.11 (KHTML, like Gecko) Chrome/23.0.1271.64 Safari/537.11"
REQUEST_GET_ARGS,ffc8eff30ce95196fa2be44a0c1255ce,addr,http://advenbbs.net/jump/?https://de.pinterest.com/pin/794674296717837138/,301,188.179.9.132,428,Mozilla/5.0 (Windows NT 6.3; WOW64; rv:45.0) Gecko/20100101 Firefox/45.0
